{
  "global": 0.2795918367346939,
  "per_label": [
    0.1489795918367347,
    0.42653061224489797,
    0.3285714285714286,
    0.1,
    0.1,
    0.3122448979591837,
    0.263265306122449,
    0.29591836734693877,
    0.589795918367347,
    0.1979591836734694,
    0.1163265306122449,
    0.6877551020408164,
    0.8020408163265307,
    0.6387755102040816,
    0.4755102040816327,
    0.6387755102040816,
    0.8183673469387756,
    0.42653061224489797,
    0.263265306122449,
    0.9,
    0.263265306122449,
    0.8836734693877552,
    0.49183673469387756,
    0.5571428571428572,
    0.44285714285714284,
    0.6714285714285715,
    0.753061224489796,
    0.1
  ]
}