{"global": 0.263265306122449, "per_class": [0.1386868686868687, 0.207979797979798, 0.41585858585858587, 0.11888888888888888, 0.1386868686868687, 0.29707070707070704, 0.31686868686868686, 0.1485858585858586, 0.7227272727272727, 0.16838383838383839, 0.11888888888888888, 0.7821212121212121, 0.7821212121212121, 0.5445454545454546, 0.30696969696969695, 0.7128282828282828, 0.8019191919191919, 0.5049494949494949, 0.46535353535353535, 0.9306060606060605, 0.2673737373737374, 0.9009090909090909, 0.46535353535353535, 0.9603030303030302, 0.45545454545454545, 0.29707070707070704, 0.40595959595959596, 0.039696969696969696]}