{"global": 0.263265306122449, "per_class": [0.25747474747474747, 0.33666666666666667, 0.29707070707070704, 0.10898989898989898, 0.07929292929292929, 0.32676767676767676, 0.4851515151515151, 0.22777777777777777, 0.4257575757575757, 0.24757575757575756, 0.1782828282828283, 0.5643434343434344, 0.9108080808080807, 0.47525252525252526, 0.5742424242424242, 0.5544444444444444, 0.792020202020202, 0.47525252525252526, 0.3465656565656566, 0.9009090909090909, 0.25747474747474747, 0.8514141414141414, 0.2673737373737374, 0.6831313131313131, 0.38616161616161615, 0.5544444444444444, 0.41585858585858587, 0.039696969696969696]}