{
  "global": 0.2795918367346939,
  "per_label": [
    0.2306122448979592,
    0.3448979591836735,
    0.37755102040816324,
    0.1489795918367347,
    0.1,
    0.36122448979591837,
    0.3285714285714286,
    0.1489795918367347,
    0.5081632653061224,
    0.2469387755102041,
    0.1163265306122449,
    0.753061224489796,
    0.8673469387755103,
    0.6387755102040816,
    0.36122448979591837,
    0.6877551020408164,
    0.7693877551020408,
    0.36122448979591837,
    0.263265306122449,
    0.9,
    0.263265306122449,
    0.8346938775510204,
    0.4102040816326531,
    0.1979591836734694,
    0.3448979591836735,
    0.2795918367346939,
    0.7204081632653062,
    0.1
  ]
}