{"global": 0.3285714285714286, "per_class": [0.22777777777777777, 0.40595959595959596, 0.5148484848484849, 0.12878787878787878, 0.12878787878787878, 0.31686868686868686, 0.33666666666666667, 0.22777777777777777, 0.702929292929293, 0.1782828282828283, 0.15848484848484848, 0.5346464646464646, 0.8712121212121212, 0.47525252525252526, 0.5247474747474747, 0.5148484848484849, 0.6732323232323232, 0.32676767676767676, 0.21787878787878787, 0.8316161616161616, 0.3465656565656566, 0.9207070707070707, 0.5247474747474747, 0.6534343434343434, 0.41585858585858587, 0.2871717171717172, 0.6336363636363637, 0.029797979797979796]}