{"global": 0.29591836734693877, "per_class": [0.2871717171717172, 0.47525252525252526, 0.31686868686868686, 0.1386868686868687, 0.12878787878787878, 0.4257575757575757, 0.29707070707070704, 0.19808080808080808, 0.5742424242424242, 0.22777777777777777, 0.2871717171717172, 0.7425252525252525, 0.7623232323232323, 0.5346464646464646, 0.5049494949494949, 0.594040404040404, 0.8217171717171717, 0.2871717171717172, 0.32676767676767676, 0.9504040404040404, 0.23767676767676768, 0.9108080808080807, 0.5247474747474747, 0.6138383838383838, 0.5841414141414141, 0.37626262626262624, 0.43565656565656563, 0.029797979797979796]}