{
  "global": 0.3285714285714286,
  "per_label": [
    0.2469387755102041,
    0.49183673469387756,
    0.42653061224489797,
    0.1163265306122449,
    0.1,
    0.3448979591836735,
    0.3938775510204082,
    0.2306122448979592,
    0.7857142857142857,
    0.1653061224489796,
    0.1653061224489796,
    0.6714285714285715,
    0.8510204081632654,
    0.3938775510204082,
    0.7367346938775511,
    0.4755102040816327,
    0.8346938775510204,
    0.3122448979591837,
    0.1816326530612245,
    0.6387755102040816,
    0.29591836734693877,
    0.8836734693877552,
    0.6387755102040816,
    0.573469387755102,
    0.49183673469387756,
    0.6387755102040816,
    0.5081632653061224,
    0.1
  ]
}