{"global": 0.263265306122449, "per_class": [0.207979797979798, 0.36636363636363634, 0.33666666666666667, 0.1386868686868687, 0.09909090909090908, 0.31686868686868686, 0.33666666666666667, 0.1386868686868687, 0.7128282828282828, 0.23767676767676768, 0.16838383838383839, 0.7227272727272727, 0.8118181818181818, 0.5544444444444444, 0.37626262626262624, 0.6138383838383838, 0.6039393939393939, 0.2673737373737374, 0.1782828282828283, 0.9603030303030302, 0.21787878787878787, 0.8118181818181818, 0.47525252525252526, 0.495050505050505, 0.6732323232323232, 0.45545454545454545, 0.5247474747474747, 0.029797979797979796]}