{
  "global": 0.3122448979591837,
  "per_label": [
    0.1816326530612245,
    0.263265306122449,
    0.3448979591836735,
    0.1163265306122449,
    0.1489795918367347,
    0.3122448979591837,
    0.263265306122449,
    0.1489795918367347,
    0.5408163265306123,
    0.3122448979591837,
    0.1489795918367347,
    0.6714285714285715,
    0.9,
    0.753061224489796,
    0.6061224489795919,
    0.37755102040816324,
    0.753061224489796,
    0.44285714285714284,
    0.42653061224489797,
    0.9,
    0.3122448979591837,
    0.6551020408163265,
    0.5571428571428572,
    0.8510204081632654,
    0.36122448979591837,
    0.5244897959183674,
    0.7040816326530612,
    0.1
  ]
}