{
  "global": 0.36122448979591837,
  "per_label": [
    0.2142857142857143,
    0.29591836734693877,
    0.4755102040816327,
    0.1326530612244898,
    0.1163265306122449,
    0.3122448979591837,
    0.29591836734693877,
    0.2469387755102041,
    0.5571428571428572,
    0.1979591836734694,
    0.1816326530612245,
    0.6877551020408164,
    0.9,
    0.7367346938775511,
    0.6551020408163265,
    0.44285714285714284,
    0.9,
    0.4591836734693878,
    0.2142857142857143,
    0.753061224489796,
    0.29591836734693877,
    0.8510204081632654,
    0.37755102040816324,
    0.753061224489796,
    0.3285714285714286,
    0.49183673469387756,
    0.6061224489795919,
    0.1
  ]
}